attribute,timestamp,value,scenario
axis_0,2025-01-01,204.83500301937,PRM_Reliability
axis_0,2026-01-01,204.83500301937,PRM_Reliability
axis_0,2027-01-01,204.83500301937,PRM_Reliability
axis_0,2028-01-01,204.83500301937,PRM_Reliability
axis_0,2029-01-01,204.83500301937,PRM_Reliability
axis_0,2030-01-01,204.83500301937,PRM_Reliability
axis_0,2031-01-01,204.83500301937,PRM_Reliability
axis_0,2032-01-01,204.83500301937,PRM_Reliability
axis_0,2033-01-01,204.83500301937,PRM_Reliability
axis_0,2034-01-01,204.83500301937,PRM_Reliability
axis_0,2035-01-01,204.83500301937,PRM_Reliability
axis_0,2036-01-01,204.83500301937,PRM_Reliability
axis_0,2037-01-01,204.83500301937,PRM_Reliability
axis_0,2038-01-01,204.83500301937,PRM_Reliability
axis_0,2039-01-01,204.83500301937,PRM_Reliability
axis_0,2040-01-01,204.83500301937,PRM_Reliability
axis_0,2041-01-01,204.83500301937,PRM_Reliability
axis_0,2042-01-01,204.83500301937,PRM_Reliability
axis_0,2043-01-01,204.83500301937,PRM_Reliability
axis_0,2044-01-01,204.83500301937,PRM_Reliability
axis_0,2045-01-01,204.83500301937,PRM_Reliability
axis_0,2046-01-01,204.83500301937,PRM_Reliability
axis_0,2047-01-01,204.83500301937,PRM_Reliability
axis_0,2048-01-01,204.83500301937,PRM_Reliability
axis_0,2049-01-01,204.83500301937,PRM_Reliability
axis_0,2050-01-01,204.83500301937,PRM_Reliability
axis_1,2025-01-01,0.0649087221095335,PRM_Reliability
axis_1,2026-01-01,0.0649087221095335,PRM_Reliability
axis_1,2027-01-01,0.0649087221095335,PRM_Reliability
axis_1,2028-01-01,0.0649087221095335,PRM_Reliability
axis_1,2029-01-01,0.0649087221095335,PRM_Reliability
axis_1,2030-01-01,0.0649087221095335,PRM_Reliability
axis_1,2031-01-01,0.0649087221095335,PRM_Reliability
axis_1,2032-01-01,0.0649087221095335,PRM_Reliability
axis_1,2033-01-01,0.0649087221095335,PRM_Reliability
axis_1,2034-01-01,0.0649087221095335,PRM_Reliability
axis_1,2035-01-01,0.0649087221095335,PRM_Reliability
axis_1,2036-01-01,0.0649087221095335,PRM_Reliability
axis_1,2037-01-01,0.0649087221095335,PRM_Reliability
axis_1,2038-01-01,0.0649087221095335,PRM_Reliability
axis_1,2039-01-01,0.0649087221095335,PRM_Reliability
axis_1,2040-01-01,0.0649087221095335,PRM_Reliability
axis_1,2041-01-01,0.0649087221095335,PRM_Reliability
axis_1,2042-01-01,0.0649087221095335,PRM_Reliability
axis_1,2043-01-01,0.0649087221095335,PRM_Reliability
axis_1,2044-01-01,0.0649087221095335,PRM_Reliability
axis_1,2045-01-01,0.0649087221095335,PRM_Reliability
axis_1,2046-01-01,0.0649087221095335,PRM_Reliability
axis_1,2047-01-01,0.0649087221095335,PRM_Reliability
axis_1,2048-01-01,0.0649087221095335,PRM_Reliability
axis_1,2049-01-01,0.0649087221095335,PRM_Reliability
axis_1,2050-01-01,0.0649087221095335,PRM_Reliability
